male;Christopher Bell;1898-11-15;1957-12-03
female;Karen Harper;1991-02-08;
female;Alexis Bryant;1909-04-01;1946-08-20
female;Kelly Gonzales;1955-01-26;
male;Raymond Campbell;1894-03-01;1931-01-07
male;Jesus Miller;1953-02-28;
male;Raymond Martinez;1996-10-19;
female;Carmen Thomas;1946-06-16;
female;Susan Robbins;1896-04-09;2016-08-20
female;Melanie Moore;1909-04-07;1920-01-19
female;Deanna Rich;1978-07-05;
female;Katherine Garcia;1985-01-15;
male;James Weber;1912-12-30;1943-05-26
male;Eric Proctor;1932-08-23;
male;Adam Williams;1910-05-28;1944-11-25
female;Crystal Zimmerman;1974-03-31;
female;Jennifer Bauer;1981-08-24;
female;Selena May;1889-02-19;1968-05-26
female;Jacqueline Brown;1917-01-30;1935-05-11
female;Monica Spears;1926-01-20;
male;Dale Cooke;1961-03-07;
female;Jennifer Meyer MD;1978-02-19;
male;James Martin;1997-01-16;
male;Peter Gibbs;1957-11-26;
male;Adrian Sanders;1902-05-20;1941-04-06
female;Ashley Williams;1978-09-22;
male;Antonio Garcia;1913-04-01;1993-04-18
female;Christina Wood;1974-09-02;
male;Bradley Weiss;1911-11-15;1945-12-07
female;Rhonda Cruz;1895-12-16;1957-01-22
female;Kendra Charles;1881-02-26;1922-09-29
male;Wesley Robertson;1979-07-20;
male;Christopher Lane;1917-07-10;1962-07-29
male;Justin Warren;1888-11-07;1948-05-15
female;Rebecca Smith;1969-04-25;
male;Christopher Reyes;1948-05-22;
female;Maria Keith;1933-06-18;
female;Jamie Hanson;1890-07-11;1989-04-30
male;James Callahan;1937-05-16;
female;Lisa King;1878-12-22;1895-12-09
female;Vanessa Wilson;1972-11-26;
female;Megan Thomas;1926-05-20;
female;Krista Nichols;1974-07-05;
female;Julie Edwards;1883-12-11;2015-05-08
female;Rita Steele;1958-07-18;
female;Kristie Ali;1882-12-06;2015-01-31
female;Marissa Farley;1896-10-04;1923-08-29
female;Christina Brooks;1929-11-26;
male;Kenneth Alexander;1990-09-16;
male;Paul Welch;1939-03-20;
male;Fernando Hunter;1875-11-30;1981-04-06
female;Angela Schroeder;1892-07-29;1948-09-28
female;Annette Miles;1904-03-08;1959-03-31
male;Bradley Watts;1895-02-04;1991-08-11
male;Jason Sims;1979-04-08;
female;Morgan Downs;1928-10-24;
male;Shawn Ballard;1950-11-29;
female;Mrs. Amanda Hill;1948-01-31;
female;Abigail Williams;1927-05-01;
female;Tina Boone;1983-08-04;
male;Samuel Boyle;1891-10-14;2002-05-31
female;Alexis Hamilton;1933-09-16;
female;Sarah Hart;1993-01-21;
male;Joshua Huffman;1972-06-27;
female;Dana Baker;1903-03-31;1962-06-22
female;Alicia Smith;1931-11-21;
female;Kristina Miller;1965-09-19;
male;James Williams;1889-11-19;1993-12-27
female;Brooke Boyd;1949-12-21;
female;Emily Miller;1916-05-22;1920-11-02
female;Jasmine King;1957-09-30;
female;Kristine Parrish;1962-06-30;
male;Anthony Mcdonald;1911-12-23;1995-07-21
male;Gary Franco;1968-11-23;
male;James Franklin;1993-12-20;
female;Kaitlyn Gonzalez;1913-12-24;2001-02-18
male;Ryan Richards;1940-01-03;
female;Heather Smith;1969-05-30;
female;Angel Green DDS;1934-04-29;
female;Stephanie Ruiz;1962-06-09;
female;Angelica Chen;1977-01-29;
female;Breanna Salazar;1997-05-19;
male;Joshua Ray;1958-01-18;
female;Kathleen Jenkins;1894-10-04;1904-05-26
male;Joseph Nguyen;1947-12-29;
male;Roger Fuentes;1897-09-20;1943-11-04
male;Shane Carrillo;1912-07-11;1927-11-01
male;James Cox;1903-01-17;1911-09-19
male;Taylor Hooper;1909-03-15;2002-01-23
female;Erica Dawson;1925-03-17;
female;Amy Frye;1968-12-12;
male;Robert Robinson;1911-10-27;1925-10-01
female;Jeanne Forbes;1949-10-01;
female;Jill Ellis;1994-10-21;
male;Richard Ramsey;1969-12-28;
male;Darryl Lopez;1880-02-24;2002-10-10
male;Douglas Moore;1873-11-21;2009-10-25
male;Kevin Odonnell;1875-12-28;1991-03-01
male;Gary Franklin;1887-09-05;2007-12-21
female;Allison Shelton;1878-04-23;1920-05-22
male;Raymond Webb;1887-10-09;2005-04-15
male;Ian Alvarez;1980-10-18;
female;Paula Scott;1946-05-26;
male;Jon Stone;1979-04-19;
female;Allison Conley;1988-04-02;
female;Kendra Owen;1875-07-20;1922-05-23
female;Cheryl Brown;1927-11-26;
female;Jessica Smith;1974-02-24;
male;Michael Bennett;1895-06-22;1933-06-02
female;Barbara Gomez;1950-06-11;
female;Kelly Ray;1986-08-24;
male;Aaron Williams;1979-03-06;
male;Brandon Herrera;1896-02-07;1908-07-17
female;Holly Mcdonald;1918-11-26;1975-10-08
female;Jennifer Manning;1926-08-27;
female;Hannah Dean;1886-03-12;1984-04-02
male;Jesse Leonard;1965-10-29;
male;Phillip French;1903-05-27;1919-11-16
female;Angela Hampton;1975-04-08;
female;Shirley Freeman;1970-12-18;
female;Caitlin Williams;1907-05-17;1954-02-08
male;Stephen Matthews;1914-03-20;1936-09-25
female;Angela Galloway;1961-10-15;
male;Benjamin Nelson;1897-09-27;2009-10-04
male;Michael Williams;1884-08-05;1985-11-14
male;Douglas Mcknight;1956-12-04;
male;James Clark;1895-04-30;1918-08-16
male;Vincent Williams;1941-07-29;
female;Diane Clarke;1935-10-23;
male;Dr. Jeremy Carter;1901-10-02;2021-01-22
male;Craig Carter;1909-11-27;1992-01-12
female;Joanne Harris;1909-07-29;2022-01-13
female;Rachel Abbott;1925-05-07;
female;Theresa Welch;1909-08-14;2009-10-22
male;Jason Castro;1944-01-12;
male;Daniel Smith;1893-04-01;2004-09-22
male;Joshua Campbell;1967-10-26;
male;Shaun Ramos DVM;1922-05-01;
female;Gail Jennings;1900-02-28;2003-03-02
female;Amy Maynard;1894-07-26;2021-06-23
male;David Riley;1875-03-24;1884-03-29
male;Ryan Silva;1984-10-29;
female;Anna Rice;1924-03-17;
male;Robert Stephenson;1946-12-20;
female;Jennifer Castillo;1970-05-19;
female;Tara Paul;1957-11-26;
female;Crystal Reid;1900-08-26;1921-03-22
female;Kathy Lane;1873-10-09;1921-11-01
female;Maria Heath;1946-06-09;
female;Danielle Miller;1994-03-18;
male;Travis Vaughn;1969-01-23;
male;Michael Watson;1949-09-20;
female;Rebecca Gonzalez;1877-07-16;2019-08-06
male;Jaime Miller;1984-02-02;
female;Debra Brown;1872-07-30;1978-06-17
male;Ralph Leonard;1897-08-01;2013-01-26
female;Betty Thompson;1899-12-13;1919-12-04
female;Dana Gordon;1963-05-12;
male;Stephen Taylor;1992-11-06;
male;Cody Stewart;1968-03-21;
male;John Patterson;1925-11-10;
male;James Howard;1975-12-15;
female;Teresa Brown MD;1984-05-25;
female;Emma Jones;1983-02-01;
male;Dustin Horn;1951-07-31;
male;Steven Ortiz;1933-08-24;
female;Patricia Davis;1989-07-22;
male;Gregory Gardner;1927-08-16;
male;Edward Spencer;1911-05-27;1997-09-17
male;Maurice Holder;1961-01-03;
male;Dr. Dylan Harvey;1959-08-15;
male;Charles Guerra;1886-07-01;1950-06-10
male;Mark Stanley;1885-03-23;1945-12-17
female;Rebecca Baker;1894-03-01;1976-04-28
female;Tanya Sanders;1878-02-10;1988-03-26
female;Christine Fritz;1971-08-21;
female;Melissa Snow;1886-05-01;1946-09-17
male;Randall Moreno;1920-12-28;1958-12-04
male;David Soto;1925-10-01;
male;Nicholas Dean;1874-04-03;1881-01-14
female;Jamie Massey;1948-12-24;
female;Katrina Buckley;1902-01-17;2004-02-01
male;Michael Harper;1927-10-10;
female;Leslie Daniels;1988-09-07;
male;Chad Atkinson;1961-11-15;
male;Chase Ramos IV;1898-05-26;1971-01-28
male;Kenneth Woods;1872-03-26;1930-01-06
male;Adam Allen;1921-09-08;1925-12-10
male;Jamie Douglas;1897-03-02;2008-03-06
male;Brian Clark;1888-03-10;2012-08-28
female;Alison Bailey;1977-02-11;
male;Brandon Brown;1891-10-30;1921-09-18
female;Amy Williams;1950-06-28;
male;Jose Waters MD;1878-01-18;1941-07-01
female;Denise Alexander;1888-07-16;1967-05-21
female;Kimberly Espinoza;1880-04-04;1933-09-07
male;Kelly Daniels;1932-10-07;
male;Samuel Shannon;1882-07-30;1902-09-17
female;Terri Gutierrez;1952-01-03;
male;Zachary Briggs;1948-12-11;
female;Amanda Castaneda;1925-08-20;
female;Zoe French;1907-11-08;1980-08-25
male;Robert Martinez;1985-06-16;
female;Kristin Cantrell;1977-07-26;
male;Daniel Meyer;1992-08-11;
male;Tyler Cooper;1906-11-08;1937-03-05
male;Mike Bolton DDS;1969-11-06;
female;Donna Moore;1905-09-26;1998-12-18
male;Ryan Alexander;1987-03-14;
female;Joann Sparks;1979-11-21;
female;Madison Nunez;1938-09-04;
male;James Adams;1924-01-15;
female;Lorraine Reynolds;1994-08-22;
female;Lisa Craig;1996-01-03;
female;Carrie Spencer;1987-10-16;
male;David Archer;1972-06-26;
female;Diana Robles;1966-01-30;
male;Michael Jacobs;1937-06-16;
female;Jamie Ferguson;1930-04-12;
female;Hailey Payne;1964-04-01;
male;Zachary Young;1987-10-29;
female;Susan Duke;1903-08-14;1939-04-01
female;Tara Rhodes;1918-02-01;1964-02-27
male;Zachary Turner;1944-11-18;
male;Daniel Blackwell;1992-10-19;
female;Dominique Lee;1903-04-30;1970-07-10
female;Christina Maddox;1932-06-08;
male;James Evans;1977-06-17;
female;Crystal Ross;1974-11-29;
male;Thomas Hernandez;1992-10-01;
female;Crystal Atkinson;1880-01-10;2011-09-04
male;John Wilkinson;1939-03-02;
female;Jessica Forbes;1893-06-12;1911-06-04
male;William Franklin;1897-10-30;1971-12-11
female;Angela Clark;1964-07-31;
male;Howard Hughes;1992-07-31;
male;James Baker;1879-01-28;1889-01-24
female;Carrie Patel;1969-06-09;
male;Patrick Orozco;1959-03-13;
female;Sheena Dickerson;1904-11-08;1993-05-21
female;Kristina Guerra;1982-09-17;
male;James Brown;1882-08-22;1924-06-09
female;Tanya Clarke;1967-06-11;
male;Marc Dixon;1960-01-21;
male;Jordan Frederick;1931-11-12;
male;Peter Sanders;1933-07-19;
female;Frances Dunlap;1916-03-10;1947-11-04
male;Keith James;1883-09-29;1959-04-28
female;Zoe Roman;1913-08-08;1959-04-20
female;Amber Sparks;1886-10-13;2006-07-05
male;Richard Jones;1919-12-20;1930-01-31
male;James Mccall;1956-03-19;
male;Jose Jones;1963-01-16;
male;Jimmy Shannon;1882-01-25;1934-03-21
female;Cheryl Lewis;1988-09-19;
male;Michael Torres;1960-01-30;
male;Benjamin Reeves;1893-09-24;1979-09-23
male;Mr. Robert Johnson;1994-01-15;
male;Michael Chen;1989-01-24;
male;Michael Miller;1898-01-27;2010-11-12
female;Tina Mcclure;1891-12-30;1913-03-22
male;Bruce Garcia;1879-03-28;1950-06-17
female;Olivia Harrison;1875-10-31;1959-04-08
male;Jonathan Russell;1988-02-08;
female;Jacqueline Fields;1948-07-15;
female;Ashley Vega;1971-03-06;
female;Kimberly Ballard;1966-06-17;
female;Wanda Gutierrez;1990-08-17;
male;Jose Torres;1924-05-01;
male;Joseph Blackwell;1896-12-09;1902-10-19
female;Jennifer Mitchell;1976-09-08;
female;Kimberly Ross;1963-03-04;
male;Brian Cook;1917-01-14;1985-05-23
male;Sean Allison;1947-11-17;
female;Rachel Shaw;1987-07-13;
male;Michael Brown;1988-09-10;
male;Shane Smith;1997-08-14;
female;Michelle Huber;1922-12-20;
female;Catherine Compton;1970-07-08;
female;Kathleen Bryan;1949-11-10;
male;Joseph Rodriguez;1949-10-07;
male;Henry Bryan;1947-01-27;
female;Alicia Wong;1992-09-20;
male;Tracy Sosa;1993-11-20;
male;Edward Miller;1972-03-18;
male;Travis Smith;1913-09-12;1961-02-21
female;Sherry Beck;1973-03-23;
male;Richard Tucker;1953-05-01;
male;Matthew Caldwell;1950-08-03;
female;Carla Bailey;1898-06-22;1915-08-08
female;Charlene Williams;1912-09-28;1950-01-02
male;Joshua Welch;1981-02-26;
male;Derrick Spencer;1913-10-28;2009-02-09
male;Matthew Pratt;1914-09-07;2015-09-20
female;Shannon Jordan;1980-05-29;
male;John Fischer;1920-02-21;1959-08-02
male;William Duke;1885-01-24;1906-09-04
female;Mary Martinez;1954-11-15;
female;Mary Ward;1935-09-24;
male;James Martinez;1972-12-12;
female;Laurie Fernandez;1905-08-23;1979-09-10
female;Michelle Russell;1993-05-10;
female;Carla Carr;1977-06-27;
male;Gary Martinez;1936-07-06;
male;Daniel Edwards;1888-04-29;1955-11-07
male;Neil Lewis;1983-09-14;
male;Thomas Bowers;1971-08-22;
female;Jacqueline Rivera;1906-06-09;1993-03-14
male;Bryan Mclean;1921-04-18;2000-08-07
female;Deborah Lee;1884-06-27;1896-01-15
male;Benjamin Kim;1879-11-08;1996-09-05
male;Jason Fischer;1948-07-22;
male;Joseph Leonard;1986-02-20;
male;Eric Sanders;1877-06-26;1885-09-18
female;Tracy Little;1934-12-12;
female;Crystal Osborn;1905-12-10;1922-10-11
female;Samantha Chen;1964-10-30;
female;Tina Mathews;1944-06-09;
female;Tracey Green;1898-05-26;1965-03-02
male;William Green;1954-05-23;
male;Mathew Chambers;1951-05-15;
male;Dustin Stewart;1933-05-11;
male;Omar Johnston;1969-08-30;
female;Andrea Taylor;1925-08-23;
male;Steven Edwards;1922-12-19;
female;Debra Mclean;1887-09-14;1916-07-21
female;Tracy Bernard;1961-01-02;
male;Arthur Hill;1935-08-04;
male;Michael Walsh;1939-07-18;
male;Alec Evans;1997-03-29;
male;Juan Martin;1880-05-23;1918-01-27
male;Tyler Silva;1885-08-28;1915-11-01
female;Lisa Schroeder MD;1967-05-26;
male;Jose Smith;1980-12-29;
female;Brenda Stewart;1904-03-09;1980-09-25
male;Philip Jones;1973-01-11;
male;Jason Mendoza;1972-12-31;
male;Aaron Rodriguez;1966-07-16;
male;Robert Houston;1901-07-24;1982-07-10
male;Phillip Rogers;1876-06-15;1935-02-17
female;Julia Jones;1913-06-07;1988-08-30
male;John Myers;1941-11-01;
female;Kristina Hughes;1966-05-01;
female;Mary Browning;1878-02-26;1917-03-24
female;Jennifer Flynn;1967-12-19;
male;Zachary Howard;1905-07-12;1962-08-04
female;Andrea Porter;1978-02-26;
female;Mary Reid;1993-02-13;
male;Eric Burns;1985-03-25;
male;Donald Campbell;1928-06-03;
female;Marisa Garcia;1989-05-27;
male;Ronald Garcia;1897-08-19;1935-03-24
male;John Logan;1995-05-16;
female;Jessica Mills;1994-02-15;
male;Kevin Spencer;1980-09-19;
male;Andrew Guerrero;1954-04-18;
female;Dr. Krystal Munoz;1975-01-21;
male;William Mccoy;1969-04-22;
female;Traci Pugh;1883-02-21;2001-02-10
male;Matthew Klein;1986-03-06;
male;Brian Hays;1946-12-03;
female;Christina Hammond;1976-04-19;
female;Kathryn Mccullough;1901-11-08;1920-07-12
male;Bryan Jackson;1939-10-30;
female;Tanya Smith;1959-12-09;
male;Ethan Cherry;1937-02-27;
female;Donna Howard;1954-09-30;
female;Amy Evans;1952-11-26;
male;Zachary Stevenson;1910-03-14;1990-07-05
male;Sean Taylor;1891-01-22;2011-05-27
female;Kimberly Alvarez;1910-02-12;1968-04-17
female;Shelly Ross;1949-01-10;
female;Erin Flynn;1888-08-06;1921-10-07
male;Matthew Baker;1928-09-17;
male;Michael Soto;1997-09-10;
male;Darrell Dunn;1917-10-12;1978-07-10
male;Joseph Ford;1928-07-30;
female;Courtney Lee;1928-01-17;
male;Anthony Ingram;1907-04-17;1930-05-17
male;Matthew Carter;1896-11-26;1974-09-18
female;Mary Wilson;1929-12-16;
male;Gilbert Roberts;1877-08-03;2007-11-21
male;Tyler Ward;1958-08-06;
male;Blake Myers;1915-08-11;1951-11-18
female;Sara Macdonald;1906-01-09;1906-03-08
female;Jacqueline Hopkins;1923-12-31;
male;David Gonzales;1899-11-19;1958-03-02
male;Joshua Harris;1978-05-05;
male;Jeffrey Clark;1888-11-15;1909-05-22
female;Mary Wade;1927-08-18;
female;Tammy Benitez;1973-02-23;
male;Thomas Mora;1953-11-10;
female;Alexis Jacobs;1974-01-05;
female;Christy Lewis;1958-07-15;
female;Caroline Richards;1942-07-31;
female;Diane Lee;1946-11-20;
male;Stephen Singleton;1929-02-20;
male;Joshua Young;1896-05-04;1906-11-30
female;Julie Cooper;1896-08-16;2003-02-19
female;Diane Brown;1929-07-02;
male;John Butler;1964-12-03;
male;Mark Lopez;1918-06-17;1926-10-07
male;Craig Davis;1954-04-26;
male;John Gardner;1968-12-13;
male;Jeffrey Gilbert;1937-08-06;
female;Amber Davis;1988-12-20;
female;Gail Davis;1955-05-19;
male;Travis Gardner;1944-02-08;
male;Miguel Fowler;1938-01-14;
female;Julie Baker;1890-11-12;1931-08-07
male;Patrick Wilson;1881-12-03;1893-09-12
male;Douglas Pierce;1943-07-19;
male;Patrick Conley;1913-09-01;1970-11-06
female;Savannah Jones;1933-01-07;
female;Jennifer Mendoza;1885-01-11;1962-08-11
male;Edward Reynolds;1926-05-22;
male;Jason Flores;1940-11-07;
male;Patrick Cole;1919-12-12;1941-03-07
male;Leslie Gilmore;1876-03-14;2006-05-26
male;James Turner;1879-04-30;1985-11-10
male;Harold Anderson;1976-04-23;
female;Karen Fields;1885-12-28;1946-07-23
male;Seth Day;1947-10-17;
male;Anthony Ellison;1981-11-04;
male;Thomas Crawford;1939-01-11;
female;Debra Harrison;1971-10-15;
male;Harold Holmes;1896-10-07;2016-11-17
female;Mary Kelly;1934-01-05;
male;Jeffrey White;1937-11-30;
male;Michael Webster;1982-09-04;
female;Julia King;1983-01-19;
male;Donald Martin;1911-10-09;1942-08-13
female;Jessica Schultz;1937-11-18;
male;Maurice Stephens;1886-05-17;1992-04-16
male;Zachary Brown;1910-06-04;1970-06-30
female;Robin Jones;1955-11-14;
female;Ashley Lawson;1917-01-31;1977-05-12
male;Alexander Anderson;1901-08-14;2001-01-18
female;Sierra Wang;1939-03-04;
female;Vanessa Holt;1968-05-14;
female;Pamela Davis;1898-07-27;1974-02-13
female;Miss Sheila Ferguson;1981-01-30;
male;Todd Elliott;1926-11-16;
female;Kristen Brown;1937-03-30;
male;Adam Beck;1897-01-12;1915-05-24
male;Duane Pearson;1923-02-14;
female;Michelle Gomez;1948-05-13;
male;Timothy Gonzales;1928-03-02;
male;Michael Curtis MD;1877-07-24;2021-08-04
female;Stephanie Romero;1899-09-10;2018-06-06
female;Lisa Randall;1981-07-01;
female;Ashley Ball;1985-03-05;
male;Brandon Mills;1980-04-08;
female;Nicole Thompson;1876-05-07;1924-12-31
female;Nicole Johnson;1879-01-02;1900-11-24
male;Luis Garner;1970-11-07;
male;Shane Johnson;1986-12-01;
female;Lauren Pratt;1947-11-05;
female;Jennifer Thornton;1940-06-15;
male;Cody Gonzalez DDS;1965-10-07;
male;Sergio Myers DVM;1939-12-14;
male;William Mendez;1925-09-17;
female;Angela Johnson;1988-05-22;
female;Joyce Jordan;1975-10-26;
female;Tami Brooks;1990-05-10;
male;Kyle Rodriguez;1935-10-01;
female;Andrea Combs;1981-10-22;
male;Andres Johnson;1990-09-08;
female;Sara Parker;1944-01-05;
female;Paula Silva;1951-07-13;
male;Derrick Hernandez;1933-07-22;
male;Brian Romero;1881-11-19;1882-01-05
male;Scott Jennings;1893-09-16;1958-12-28
male;Eric Bean;1967-11-14;
female;Kimberly Lara;1954-03-25;
female;Amber Diaz;1966-12-05;
female;Yvonne Marshall;1918-12-27;2002-09-19
male;Andrew Sanchez;1938-08-02;
male;Antonio Rivera;1883-05-29;1946-01-30
female;Brooke Rodriguez;1962-08-09;
male;Daniel Morgan;1913-01-02;1995-08-28
male;Andrew Key;1938-07-05;
male;Jeff Weaver;1987-07-07;
male;Jorge Fischer;1959-08-19;
female;Julie Lee;1909-02-06;1942-05-08
male;Brandon Gregory;1931-01-02;
female;Julie Graham;1897-01-30;1915-04-07
male;Mr. Brian Doyle MD;1959-11-25;
male;Robert Sheppard;1907-01-12;1931-03-21
male;Todd Shaffer;1955-09-13;
female;Lauren Willis;1966-01-11;
female;Peggy Gomez;1873-09-04;1918-02-12
male;Louis Williams;1973-05-17;
male;Patrick Ward;1945-03-08;
female;Mrs. Nicole Carey DDS;1983-11-03;
male;Jay Wade;1938-03-12;
female;April Johnston;1914-10-31;2016-10-30
male;Daniel Paul;1960-05-15;
female;Leslie Gilbert;1920-07-20;1928-04-09
female;Bianca Martin;1988-09-30;
male;Kenneth Zavala;1960-03-17;
female;Andrea Villegas;1930-12-05;
female;Michaela Aguirre;1975-12-10;
male;Matthew Day;1878-07-27;1899-12-11
male;Bradley Johnson;1928-01-01;
male;Sean Watson;1880-04-08;1964-08-14
female;Katrina Watkins;1893-01-14;2002-03-21
male;William Long;1908-08-04;1982-12-30
male;Kevin Pierce;1955-05-27;
female;Alexandra Evans;1967-07-04;
female;Ashley Baker;1924-01-09;
female;Kimberly Mann;1978-04-20;
male;Michael Ortiz;1881-04-16;1907-06-05
female;Tara York;1947-01-12;
female;Vanessa Brown;1957-11-30;
female;Brenda Ford;1913-03-12;1978-11-24
male;Christian Davis;1934-06-12;
male;Tony Mendoza;1892-01-04;1978-09-08
male;Sergio Reid;1943-01-20;
female;Ellen Curtis;1971-09-06;
female;Ashley Hampton;1959-10-18;
male;Victor Gordon;1896-05-08;1925-12-20
female;Julie Dalton;1944-09-08;
male;Ronald Williams;1969-07-04;
male;William Benitez;1885-04-02;1921-05-29
male;Brian Hoffman;1905-10-25;1995-07-07
male;Jeremy Anderson;1982-06-04;
female;Kendra Ortiz;1930-01-22;
male;Thomas Jordan;1933-05-20;
female;Taylor Hunter;1914-12-19;1945-05-13
male;Christopher Bradshaw;1965-07-01;
female;Sarah Allen;1922-10-03;
female;Kelly Smith;1967-03-27;
female;Stacy Miller;1889-09-16;1991-08-16
male;Oscar Ford;1880-11-16;1916-04-03
female;Brittany Good;1912-11-05;1936-05-12
female;Rebecca Reynolds;1914-04-27;1930-11-22
male;Jeremy Walters;1883-10-06;1939-10-25
male;Duane Lewis;1970-02-17;
female;Stacy Powell;1922-12-01;
female;Michelle Lopez;1949-09-17;
male;Tommy Miller;1881-09-27;1978-11-01
male;Jonathan Robertson;1972-10-25;
female;Kristine Bailey;1962-06-24;
female;Emily Kirby MD;1974-01-25;
male;Christopher Smith;1946-05-31;
male;James Whitaker;1941-03-29;
female;Tracy Phillips;1923-10-31;
male;Donald Hamilton;1888-07-01;1923-05-20
male;Bradley Ferguson;1929-05-26;
female;Rhonda Knight;1976-11-20;
female;Amanda Dean;1880-10-28;1933-11-21
female;Karen Escobar;1905-07-16;1946-04-29
female;Erica Garza;1880-06-13;1916-11-30
female;Tammy Scott;1902-04-29;1940-05-02
female;Jennifer Adams;1922-12-21;
female;Sonya Hayes;1967-07-15;
male;Christopher Nelson;1969-03-07;
male;Bruce Hopkins;1905-08-10;1993-03-20
male;Dylan Harris;1905-07-31;1914-12-08
male;Joseph Bryan;1938-05-21;
male;Donald Miller;1894-05-12;1975-10-28
female;Mrs. Brittney Reed MD;1961-06-04;
male;Edward Simmons;1890-02-25;1995-10-11
male;Steven Adams DVM;1993-03-07;
male;Walter Robinson;1907-02-02;1910-02-26
female;Elizabeth Kelly;1892-12-21;2001-01-18
female;Jennifer Lindsey;1933-10-06;
female;Anna Bryant;1945-08-07;
female;Jennifer Payne;1994-08-05;
male;George Smith;1888-04-26;1987-05-29
female;Ruth Miller;1882-05-29;2003-06-03
male;Raymond Mills;1996-11-21;
female;Kelly Wilkinson;1976-12-06;
male;Donald Davis;1919-07-06;2018-06-13
female;Kathleen Gonzalez MD;1879-05-13;2007-08-19
male;Raymond Garner;1904-01-05;1910-12-15
female;Julie Williams;1920-04-09;1943-05-23
male;Charles Ramos;1876-02-12;2008-04-17
female;Rachel Gutierrez;1880-04-08;1999-12-21
female;Katherine Myers;1945-03-20;
male;Shaun Hernandez;1935-12-09;
female;Marissa Kelly;1918-05-19;1966-07-12
male;Derek Conner;1890-02-05;1896-05-13
male;Darren Anderson;1981-10-06;
male;Tyler Snyder;1942-03-06;
female;Rose Walker;1975-01-02;
male;Daniel Ayala;1956-09-13;
male;James Downs;1937-12-30;
male;John Nguyen;1994-09-21;
male;Juan Price;1902-06-28;1921-03-18
male;Jonathan Garcia;1931-08-12;
male;James Brennan;1893-06-05;1963-04-30
female;Colleen Harris;1955-04-14;
male;Michael Mitchell;1976-04-04;
female;Emily Everett;1921-07-28;1928-05-21
male;Omar Avila;1935-11-30;
male;Brandon Briggs;1904-02-10;1929-11-15
male;Ross Smith;1936-04-23;
female;Virginia Swanson;1914-11-26;1969-12-11
male;Matthew Bradshaw;1872-08-26;1937-02-28
female;Angela Mahoney;1924-09-30;
female;Erica Simmons;1931-03-12;
female;Tiffany Taylor;1974-08-03;
female;Rachel Best;1880-01-05;1979-03-12
female;Michelle Mcconnell;1926-04-21;
female;Penny Edwards;1890-05-16;1902-09-12
male;Mark Salazar;1888-08-19;1943-03-10
female;Jacqueline Rhodes;1987-08-02;
male;Tyler Owen;1960-07-15;
male;Jeffery Jones;1941-05-07;
female;Kathleen Lucero;1973-08-02;
female;Barbara Mccullough;1997-08-21;
male;Jack Lucero;1987-09-23;
male;Jason Dunlap;1950-04-03;
female;Tara Johnston;1884-09-16;1938-03-28
female;Rachel Chapman;1969-11-05;
female;Lisa Zuniga;1929-05-24;
female;Joyce Ferguson;1896-06-30;1960-04-09
female;Lauren Harvey;1989-11-06;
male;Jason Larsen;1883-05-22;1928-11-10
female;Tina Martinez DVM;1884-01-03;1927-05-11
male;Jacob Clements;1941-10-26;
male;Patrick Aguilar;1929-08-25;
female;Sarah Edwards;1933-05-25;
male;Matthew Thompson;1972-08-08;
female;Karen Holloway;1991-02-07;
female;Susan Murphy;1984-09-02;
female;Teresa Jackson;1934-02-11;
female;Rebecca Page;1908-09-02;1919-11-22
female;Sarah Davis;1979-12-02;
female;Linda Lee;1901-02-12;1944-08-02
male;Steven Hernandez;1986-06-30;
male;Raymond Martinez;1895-08-29;1960-11-08
male;Micheal Watts;1896-02-01;1980-01-08
male;Francis Campbell;1988-03-19;
male;Jacob Davis;1948-11-17;
female;Katie White;1893-12-04;1974-08-08
female;Kimberly Ferguson;1948-07-29;
male;John Perez;1942-02-25;
male;Jason Boyd;1951-07-14;
female;Sara Reed;1955-02-10;
female;Mary Turner;1881-01-02;1912-06-24
male;Jordan Garrett;1959-04-24;
female;Makayla Freeman;1903-04-01;1987-10-17
male;Lawrence Robbins;1895-01-30;1923-01-25
female;Cynthia Dunn;1986-09-07;
female;Lori Hurley;1879-07-22;1981-07-27
male;Christopher Glover;1960-02-04;
male;Kevin Wilson;1916-06-12;2013-04-03
male;Michael Herrera;1933-04-15;
male;Justin Dudley;1880-12-13;1930-09-16
male;Richard Ward;1923-11-30;
male;Daniel Cochran;1979-05-06;
male;Dwayne Martinez;1887-05-24;1928-11-07
female;Cynthia Green;1967-06-03;
male;Patrick Mcintosh;1973-07-15;
female;Deborah Olson;1877-01-17;1962-05-27
female;Lori Salinas;1975-09-06;
male;Dakota Hernandez;1940-10-13;
female;Caitlin Taylor;1953-01-19;
female;Kendra Martinez;1938-11-16;
male;Robert Reed;1890-06-28;1934-10-20
female;Alisha Young;1946-04-20;
male;Samuel Ramsey;1917-12-09;2019-04-29
female;Dawn Jones MD;1877-03-04;1920-01-06
male;Luis Leach;1953-11-05;
male;Jason Green;1945-04-16;
male;William Mckenzie;1897-01-16;1954-10-19
female;Dorothy Gill;1878-01-08;1913-11-14
female;Denise Jennings;1900-09-04;1912-01-20
male;Bryan Harmon;1982-07-17;
male;Anthony Robinson;1967-04-21;
female;Karen Copeland;1907-03-23;2003-12-27
male;Christopher Taylor;1986-03-08;
male;Michael Mcpherson;1893-04-17;1922-09-17
female;Alice Walker;1949-12-22;
male;Travis Andersen;1876-09-14;1985-11-08
female;Monica Townsend;1940-10-12;
female;Tiffany Williams;1933-08-07;
male;Jose Poole;1959-11-24;
female;Lauren Blankenship;1913-10-23;1953-05-27
female;Lindsay Conway;1938-03-03;
male;Brandon Finley;1949-08-04;
male;Jeffery White;1987-05-22;
male;Robert Chavez;1916-09-15;2000-03-14
female;Allison Hale;1961-10-05;
male;Ernest Thompson;1984-01-26;
male;Charles Simmons;1982-12-21;
female;Laura Wang;1942-01-06;
male;Mr. Michael Boone;1941-07-05;
female;Jennifer Johnson;1934-08-27;
male;Gregory Myers;1885-11-17;1925-10-05
female;Tracy Bell;1926-04-01;
male;James Cummings;1948-06-25;
male;Dr. Andrew Grant DVM;1897-07-06;1990-08-28
male;Paul Anderson;1928-05-18;
male;Dennis Dixon;1995-12-30;
male;Jason Wright;1938-12-08;
female;Mary Ward;1977-09-24;
female;Rachel Cook;1993-04-14;
male;Timothy Macdonald;1885-12-18;1923-05-06
female;Beth Sims;1947-10-20;
female;Kerri Townsend;1933-03-23;
male;Timothy Jones;1913-04-02;1966-07-19
male;Michael Mata;1888-02-02;1926-10-14
male;Edward Franklin;1908-03-14;1971-01-07
male;Sean Rodriguez;1888-05-31;1945-05-11
male;Charles Carter;1930-03-17;
female;Amy Gallagher;1895-09-09;1915-04-24
female;Peggy Munoz;1900-09-28;2016-03-20
female;Teresa Herman;1925-05-29;
female;Rachel Long;1989-07-23;
female;Amanda Reeves;1926-07-05;
female;Danielle Snow;1991-10-17;
female;Jamie Valencia;1914-06-30;1960-02-03
male;Chad Beasley;1996-03-31;
female;Pamela Perry;1994-12-24;
male;David Mullins;1906-10-28;2001-11-22
female;Holly Colon;1910-06-22;1919-03-16
male;David Garcia;1897-01-14;1953-05-29
male;Gregory Evans;1980-03-31;
female;Angela Tyler;1899-08-22;1929-04-23
male;Phillip Johnson;1983-09-26;
male;Ronald King;1977-12-29;
male;David Young MD;1875-09-06;1962-02-09
male;Luis Gillespie;1983-09-12;
female;Amy Sharp;1928-11-17;
female;Mackenzie Robinson;1958-11-16;
female;Tina Nguyen;1918-01-13;1924-12-31
female;Cynthia Torres;1914-05-27;2007-03-25
female;Amy Orr;1911-01-11;1925-10-29
male;Joshua Bray;1905-12-12;1991-10-02
male;David Bailey;1968-12-19;
male;Joseph Reynolds;1891-06-08;1893-12-02
female;Samantha Burke;1911-09-23;1991-03-30
male;Charles Williams;1916-03-06;1997-09-27
female;Sharon Barton;1970-07-22;
female;Samantha Zimmerman;1892-07-19;1930-03-14
female;Alexis Perez DVM;1900-11-15;2013-04-13
male;Jerry Williams;1983-08-28;
female;Cindy Kline;1884-12-16;2022-06-27
female;Deborah Fuller;1915-05-29;1974-05-22
male;Donald Anderson;1934-03-15;
female;Rose Mitchell;1985-08-28;
male;Phillip Hernandez;1909-11-30;1925-09-22
male;Robert Schwartz;1951-06-03;
female;Holly Byrd;1927-12-11;
male;Christopher Johnson;1926-12-25;
male;Kevin Mills;1968-02-09;
female;Kelly Bell;1890-06-18;1979-11-02
female;Amanda Rodriguez;1872-11-21;1979-01-15
male;Scott Knight;1885-07-26;1899-02-08
female;Faith Williams;1873-11-01;1919-05-09
female;Emily James;1952-03-20;
female;Linda Arellano;1967-06-13;
male;James Nguyen;1995-01-11;
male;Eric Baker;1890-04-12;1985-01-22
female;Denise Williams;1955-10-01;
male;Nathaniel Barker;1958-02-08;
female;Jasmine Montgomery;1910-09-15;1934-12-25
male;Spencer Wang;1956-09-30;
female;Shannon Benton;1976-04-01;
female;Whitney Perez;1881-07-29;2003-04-17
male;Tony Myers;1897-07-28;1952-08-09
male;Alan Yang;1917-01-19;1953-01-14
male;Peter Barnes;1951-05-23;
female;Leah Spencer;1931-10-24;
male;Robert Hoffman;1932-10-20;
female;Tracy Moss;1983-09-12;
female;Joy Robinson;1900-08-26;1954-03-19
male;Robert Browning;1915-10-23;2012-03-01
female;Cheryl Riggs;1933-11-22;
female;Debbie Campos;1942-06-21;
female;Jennifer Clark;1969-05-03;
female;Crystal Martin;1907-10-26;1992-07-22
female;Angela Pitts;1888-09-16;1915-03-31
male;Stephen Maxwell;1991-04-08;
female;Amanda Brock;1925-06-02;
female;Crystal Willis;1944-03-24;
female;Carrie Freeman;1974-08-29;
female;Morgan Ramirez;1995-02-10;
female;Nicole Nash;1985-01-13;
female;Sarah Pitts;1952-06-17;
male;Adam Adams;1908-12-17;1911-06-28
male;Joseph Vance;1966-12-14;
male;Brian Turner;1995-08-20;
male;Daryl Oliver;1971-08-30;
female;Karen Hernandez;1970-01-17;
female;Kelly Mayer;1881-05-17;1989-07-28
female;Karen Fisher;1950-05-25;
female;Amanda Avila;1991-05-28;
female;Deborah Rivera;1914-08-25;2010-05-13
male;Willie Schneider;1881-04-10;2004-02-16
female;Jessica Bowen DDS;1981-06-24;
female;Melissa Krueger;1890-05-05;1973-03-11
female;Barbara Ramirez;1956-02-16;
female;Meghan Gray;1982-10-13;
female;Rachel Lopez;1951-10-03;
male;Adam Norton;1876-02-13;1968-03-03
female;Tracy Lane;1891-08-04;1910-12-16
female;Rachel Weiss;1954-08-25;
female;Michelle Bass;1944-12-25;
female;Chelsey Garcia;1979-08-21;
male;Thomas Meza;1923-06-05;
female;Lisa Meyers;1887-11-19;1908-05-26
male;Jacob Morris;1956-10-16;
female;Lauren Roberts;1927-08-02;
male;Brian Bauer;1907-02-14;1980-01-10
male;Ricky Gardner;1970-12-21;
female;Tina Roach;1987-03-19;
female;Ashley Smith;1957-04-06;
male;Kenneth Silva;1936-06-30;
female;Kimberly Goodman;1879-06-18;1892-01-04
male;Stephen Hanson;1932-10-26;
male;Robert Hoover;1954-09-04;
female;Mrs. Kelsey Rodriguez;1971-12-21;
female;Elizabeth Jackson;1980-07-09;
male;James Owens;1895-02-16;1995-05-28
female;Pamela Austin;1913-02-16;1981-03-07
male;Robert Johnson;1947-04-19;
male;Anthony Griffin;1884-07-26;1933-02-25
female;Regina Wilson;1985-02-23;
female;Megan Palmer;1986-09-21;
male;Dave Dennis;1884-10-16;2015-12-04
female;Lisa Douglas;1888-07-15;1925-02-17
male;Kenneth Hernandez;1915-05-28;1949-12-03
female;Jennifer Guzman;1876-10-13;1966-06-28
male;Paul Sanchez;1997-08-19;
female;Suzanne Calderon;1904-05-23;2001-05-22
female;Cynthia Smith;1981-05-24;
female;Christina Moody;1926-11-27;
male;Justin Harrison;1997-05-16;
female;Amy Jones;1899-07-19;1902-02-10
female;Martha Rice;1877-07-06;1931-02-16
female;Theresa Lee PhD;1965-01-11;
female;Jacqueline Daniels;1946-11-11;
male;Angel Serrano;1981-11-28;
female;Hailey Mccullough;1879-10-23;1952-04-21
male;Nicholas Ross;1947-01-05;
female;Meghan Wilson;1981-07-10;
female;Jessica Leonard;1884-12-01;1982-02-13
female;Angela White;1938-01-01;
male;Benjamin Smith;1892-04-21;1900-08-20
male;Alexis Alexander;1972-10-24;
female;Stephanie Jones;1894-03-30;1906-01-25
female;Kristie Bailey;1954-03-23;
female;Tracy Mckay;1930-12-11;
male;James Huerta;1964-08-08;
male;Jesse Myers;1942-02-27;
female;Elizabeth Ayala;1934-07-09;
male;Matthew Guzman;1978-05-04;
male;Troy Hart;1933-03-15;
female;Robin Ward;1957-06-21;
female;Emily Johnson;1972-11-22;
female;Jennifer Anthony;1963-07-14;
male;Richard Thompson;1921-03-25;2009-06-02
male;Mark Johnson;1991-11-30;
female;Amanda Lee;1932-12-25;
female;Kimberly Smith;1921-07-18;2014-01-03
female;Amber Spencer;1946-11-08;
male;Billy Aguirre;1882-03-03;1896-09-12
female;Lisa Manning;1883-02-28;1962-08-29
male;Gary James;1977-07-09;
male;Aaron Martin;1993-06-24;
male;Mark Murray;1910-07-06;2006-04-17
female;Melinda Williams;1955-01-27;
female;Janet Baker;1936-05-29;
female;Michelle Scott;1936-05-24;
female;Samantha Richards;1902-02-06;1947-02-09
male;Aaron Lopez;1988-08-12;
male;Frank Robinson;1878-12-25;1975-05-30
female;Jessica Quinn;1927-01-09;
female;Candace Warner;1927-07-15;
female;Melissa Edwards;1915-11-15;1980-09-08
female;Stephanie Patton;1956-07-29;
male;Jeremy Harrell;1941-04-24;
female;Jaime Rosales;1931-02-12;
female;Nicole Stephenson PhD;1928-08-19;
male;Joseph Hart;1941-02-14;
male;Charles Mckenzie;1890-01-08;2011-04-30
male;Mr. Eric Sanchez Jr.;1941-06-12;
male;Mr. Robert Nguyen;1897-10-31;2004-01-26
male;Jerry Mccarthy;1909-10-10;2012-06-24
male;Steven Martin;1989-08-24;
female;Rachel Daniels;1892-04-13;2000-11-08
female;Sandra Andrews;1961-11-12;
male;David Cruz;1922-09-12;
male;Randy Torres;1882-03-26;1961-01-03
female;Jessica Williams;1975-06-17;
female;Autumn Lane;1883-02-16;1933-10-10
male;Colin Watson;1962-12-20;
female;Renee Davidson;1995-11-22;
female;Dr. Cynthia Fitzpatrick;1962-09-28;
female;Yolanda Jones;1909-09-10;1995-05-23
male;Michael Warren;1921-01-06;1966-05-14
male;John Hall;1896-11-23;1977-03-14
female;Danielle Robinson;1937-09-01;
female;Melissa Scott;1878-12-09;1925-12-10
female;Regina Davis;1903-02-16;1964-10-31
female;Tara Hernandez;1973-06-25;
male;William Edwards;1988-09-13;
male;Jake Carlson;1933-02-19;
male;Jeffrey Wright;1873-04-10;1970-05-20
male;David Mcclure;1989-01-08;
male;Ronnie Taylor;1873-10-04;2022-04-30
female;Kelly Armstrong;1907-07-02;1912-01-27
female;Jean Rodriguez;1942-08-12;
male;Robert Hale;1952-07-13;
male;Jason Smith;1931-11-06;
female;Brittany Williams;1978-07-30;
female;Christina Weaver;1972-05-16;
male;Gary Bridges;1989-10-08;
male;Anthony Ryan;1909-06-14;1972-01-31
male;Jeremy Mcdaniel;1910-06-12;1946-11-23
male;James Wu;1925-01-07;
female;Melissa Johnson;1951-05-03;
male;Todd Gordon;1965-12-22;
male;Michael Sanders;1990-10-08;
female;Michelle Hood;1874-12-04;1958-01-28
female;Cynthia Hancock;1961-03-08;
female;Nicole Rodriguez;1886-12-17;1952-11-30
female;Monica Wilson;1947-08-03;
female;Katrina Lane;1920-10-11;2015-12-12
female;Krista Vazquez;1981-09-03;
female;Michelle Pittman;1935-10-24;
male;Wayne Foster;1982-05-22;
male;Aaron Tyler;1993-06-02;
male;Brady James;1928-05-05;
male;Jimmy Grimes;1921-05-15;2007-01-04
female;Jennifer Martinez;1903-07-01;1941-10-13
male;Kevin Moss;1969-06-06;
female;Melissa Briggs;1988-11-28;
male;Charles Arnold;1954-06-16;
female;Kelly Bailey;1905-01-27;1947-09-10
female;Chelsea Hall;1895-09-29;2020-01-09
male;James Perry;1989-07-09;
female;Mrs. Stephanie Hill PhD;1873-05-16;1906-01-20
female;Heather Mcclure;1919-10-11;2008-11-30
female;Emily Cooley;1936-03-19;
female;Leslie Good;1969-05-02;
female;Tracie Jackson;1873-09-23;1934-07-24
male;Mark Johnson;1894-09-18;2006-06-26
male;Christopher Arnold;1883-04-28;2001-09-30
female;Tammy Fuller;1920-07-08;1943-12-11
male;Jeremiah Johnson;1893-04-16;1932-04-11
male;Samuel Wells;1991-01-16;
female;Natasha Carr;1976-11-12;
male;John Brown;1889-06-25;1896-11-13
female;Lauren Hendrix;1983-10-21;
male;Timothy Chavez PhD;1959-09-04;
female;Ann Rodgers;1890-03-30;1977-09-24
female;Erin Jones;1923-10-26;
female;Diane Kaufman;1978-07-10;
female;Kimberly Dean;1878-10-08;1948-08-29
male;James Schaefer;1894-05-19;1959-09-08
female;Mary Burke;1961-10-23;
male;David Mitchell;1881-10-19;1926-02-04
male;Eric Campbell;1959-07-04;
male;Mr. Mitchell White;1943-08-09;
female;Rebecca Henry;1984-05-09;
male;Jacob Wheeler;1917-10-15;1994-02-14
male;John Matthews;1938-03-20;
female;Jacqueline Bond;1938-10-24;
male;Brett Mills;1903-04-06;1905-06-15
female;Leslie Wilson;1941-04-28;
female;Erika Murphy;1895-07-24;1948-12-29
male;Frank Wong;1956-03-15;
male;Justin Johnson;1896-11-06;1943-06-08
male;Jeffrey Robinson;1984-12-10;
male;Joseph Taylor;1931-06-07;
male;Troy Underwood;1938-11-13;
male;James Nunez;1909-06-23;1911-01-08
male;Carlos Clark DDS;1957-08-17;
female;Connie Cook;1875-09-05;1981-04-06
female;Taylor Clark;1939-06-28;
female;Katherine White;1917-01-14;2014-09-24
male;Timothy Jackson;1936-10-06;
female;Tiffany Wagner;1901-03-22;2012-12-29
female;Melissa Gonzalez;1955-12-07;
male;Michael Kennedy;1874-06-13;1948-05-15
male;Michael Thompson;1943-06-27;
male;Damon Pollard;1881-03-19;1919-01-06
female;Jennifer Wagner;1902-10-25;1916-08-21
female;Melanie Cardenas;1984-11-11;
male;Raymond Mckee;1973-05-31;
female;Jennifer Brooks;1982-05-15;
female;Michelle Gardner;1952-05-17;
male;Scott Lewis;1877-11-05;1994-10-04
male;Donald Blake;1957-01-18;
male;Joshua Diaz;1955-05-24;
female;Kelly Schmidt;1916-04-16;2018-12-10
female;Bailey Graham;1908-03-26;2004-02-10
male;Jon Mejia;1933-04-30;
female;Jasmine Olson;1975-08-11;
female;Amanda Escobar;1878-12-13;1984-01-15
female;Ashley Perez;1962-01-15;
male;Douglas Rivera;1890-01-27;1979-04-08
male;Jason Schneider;1940-09-25;
female;Patricia Edwards;1981-07-18;
